5,10.50412204832859,1.0000054405348742e-06
155,10.342176128033442,1.005228345036125e-06
305,10.151600978399372,1.0202440940748278e-06
455,9.98157415113823,1.0450523932599518e-06
605,9.825200335157781,1.079652756212331e-06
755,9.65637326551791,1.1240445045744216e-06
905,9.554740676775799,1.178226768023963e-06
1055,9.426999059277097,1.2421984842906752e-06
1205,9.365027680857555,1.3159583991768573e-06
1355,9.272886573089574,1.399505066582759e-06
1505,9.19734085498213,1.4928368485341188e-06
1655,9.110625948591476,1.5959519152149073e-06
1805,9.180406367834271,1.7088482450024547e-06
1955,9.083058141336902,1.8315236245080007e-06
2105,8.964756501160084,1.9639756486191946e-06
2255,8.999316870061964,2.106201720548234e-06
2405,8.883741309472722,2.258199051881956e-06
2555,8.880823811366467,2.419964662636262e-06
2705,8.81192735661069,2.5914953813161844e-06
2855,8.721690462983172,2.772787844975734e-06
3005,8.600546962182811,2.9638384992859874e-06
3155,8.63390010517237,3.1646435986031757e-06
3305,8.569365490923872,3.375199206043277e-06
3455,8.384710757674966,3.5955011935579102e-06
3605,8.356803475645888,3.82554524201717e-06
3755,8.292844231496721,4.06532684129224e-06
3905,7.934226513609137,4.314841290344951e-06
4055,7.952997342644499,4.574083697320153e-06
4205,7.829902382244818,4.8430489796409074e-06
4355,7.813405222461421,5.121731864108237e-06
4505,7.481424502779923,5.410126887005207e-06
4655,7.456243886642184,5.708228394202958e-06
4805,7.413692810859614,6.0160305412732505e-06
4955,7.206642050049904,6.3335272936005695e-06
5105,6.973692255282621,6.66071242650247e-06
5255,6.928471305627993,6.9975795253514415e-06
5405,6.776948156893361,7.344121985699377e-06
5555,6.769074925354548,7.700333013408106e-06
5705,6.695032223007182,8.066205624782758e-06
5855,6.561086012750838,8.441732646707932e-06
6005,6.3287289761706615,8.82690671678843e-06
6155,6.432147022182132,9.221720283494753e-06
6305,6.3045693374674405,9.626165606309257e-06
6455,6.2405005578071835,1.0040234755879455e-05
6605,6.060410321243411,1.0463919614172841e-05
6755,5.992784360063092,1.0897211874636272e-05
6905,6.067219902487362,1.1340103042358158e-05
7055,6.000804901123047,1.1792584434236085e-05
7205,6.005267388056143,1.2254647179145949e-05
7355,5.828694466057174,1.2726282218117595e-05
7505,5.759064032106983,1.3207480304509812e-05
7655,5.846472625798249,1.369823200419399e-05
7805,5.633012446509851,1.419852769573779e-05
7955,5.7442922706851025,1.4708357570594223e-05
8105,5.6380488598519936,1.5227711633293995e-05
8255,5.608815413254958,1.575657970164109e-05
8405,5.62507051309709,1.62949514069127e-05
8555,5.589620679417804,1.684281619406306e-05
8705,5.468312730180457,1.7400163321928995e-05
8855,5.5162599110738855,1.7966981863441582e-05
9005,5.477519907119202,1.8543260705840368e-05
9155,5.549861178751574,1.9128988550890435e-05
9305,5.514241004174994,1.972415391510488e-05
9455,5.40861954560151,2.0328745129969674e-05
9605,5.379418495797763,2.0942750342171565e-05
9755,5.33738162171404,2.1566157513832045e-05
9905,5.435247145968745,2.2198954422741543e-05
10055,5.3783169958464345,2.2841128662601197e-05
10205,5.42222110169486,2.3492667643263765e-05
10355,5.307255912976739,2.415355859098202e-05
10505,5.309834249219181,2.4823788548658868e-05
10655,5.295062524884857,2.5503344376101166e-05
10805,5.217841785887013,2.6192212750277433e-05
10955,5.2010451452688375,2.689038016557904e-05
11105,5.222088119513551,2.759783293408496e-05
11255,5.142437112490944,2.8314557185830447e-05
11405,5.400801344469427,2.904053886907819e-05
11555,5.2493402832432805,2.9775763750594674e-05
11705,5.213444074137061,3.052021741592882e-05
11855,5.274197278328615,3.127388526969464e-05
12005,5.282145070505666,3.203675253585735e-05
12155,5.142886636467988,3.280880425802319e-05
12305,5.043997690046302,3.359002529973215e-05
12455,5.189900310875857,3.43804003447557e-05
12605,5.232697297311706,3.5179913897395894e-05
12755,5.158640934670994,3.59885502827904e-05
12905,5.176091968099526,3.680629364721875e-05
13055,5.092370717745905,3.763312795841407e-05
13205,5.109715880009166,3.846903700587619e-05
13355,5.159362033972136,3.931400440119082e-05
13505,5.2066944740914005,4.016801357835007e-05
13655,4.982908241084364,4.1031047794077256e-05
13805,5.096951494402528,4.190309012815552e-05
13955,5.003792050201319,4.278412348375927e-05
14105,4.95998821383793,4.3674130587789337e-05
14255,5.101560027090898,4.457309399121185e-05
14405,4.933893787009375,4.5480996069400224e-05
14555,5.028136182050283,4.6397819022480475e-05
14705,4.869885391805972,4.732354487568097e-05
14855,5.0535124733561,4.82581554796833e-05
15005,5.033595779493279,4.9201632510980134e-05
15155,5.135677679620607,5.015395747223262e-05
15305,4.94065255423823,5.111511169263443e-05
15455,4.794904276686338,5.208507632827671e-05
15605,4.996648343810199,5.3063832362518215e-05
15755,5.025408574654353,5.4051360606357764e-05
15905,4.825209980981715,5.5047641698811184e-05
16055,4.989201313740498,5.6052656107289495e-05
16205,4.924216538332821,5.7066384127983476e-05
16355,4.961973750986656,5.808880588624866e-05
16505,4.982175279539212,5.9119901336995655e-05
16655,4.962704455958003,6.015965026508316e-05
16805,4.904470301448593,6.120803228571402e-05
16955,4.961580864032362,6.226502684483477e-05
17105,4.962324575110749,6.333061321953917e-05
17255,5.026946196684967,6.440477051847411e-05
17405,4.863009497186596,6.548747768224882e-05
17555,4.782392829986127,6.657871348384869e-05
17705,4.821253192358062,6.76784565290504e-05
17855,4.728395933417488,6.878668525684252e-05
18005,4.7800172497493545,6.99033779398468e-05
18155,4.933196810347523,7.102851268474568e-05
18305,4.757366506390985,7.21620674327101e-05
18455,4.717392557349464,7.3304019959833e-05
18605,4.7844648361206055,7.44543478775646e-05
18755,4.726416014425948,7.561302863315139e-05
18905,4.7425575229832155,7.67800395100784e-05
19055,4.835359778692714,7.795535762851415e-05
19205,4.805088970911642,7.913895994576001e-05
19355,4.750175500096241,8.033082325670097e-05
19505,4.754990421834084,8.153092419426161e-05
19655,4.774348196442936,8.273923922986343e-05
19805,4.7739942868550616,8.395574467388639e-05
19955,4.640940629839076,8.518041667613361e-05
20105,4.668766802007501,8.641323122629888e-05
20255,4.6479416654465044,8.765416415443673e-05
20405,4.587155693591772,8.890319113143705e-05
20555,4.657422013851027,9.016028766950241e-05
20705,4.767483252815437,9.142542912262677e-05
20855,4.551904965208607,9.26985906870802e-05
21005,4.617897745228309,9.397974740189385e-05
21155,4.6146516834078035,9.526887414935058e-05
21305,4.58850676691565,9.656594565547619e-05
21455,4.646310914127969,9.787093649053617e-05
21605,4.540471929274796,9.918382106953287e-05
21755,4.6054455463516195,0.00010050457365270852
21905,4.594158809796899,0.00010183316834604876
22055,4.58638791287883,0.00010316957910179079
22205,4.507226984880446,0.00010451377971893447
22355,4.602841642122277,0.00010586574384375462
22505,4.481331815997374,0.00010722544497031945
22655,4.491325620084757,0.00010859285644100917
22805,4.399009766701604,0.00010996795144703865
22955,4.412518078182291,0.00011135070302898352
23105,4.511213411978625,0.0001127410840773078
23255,4.447548001613021,0.00011413906733289672
23405,4.471593408939088,0.00011554462538759021
23555,4.468655997855096,0.00011695773068472008
23705,4.449202404465787,0.0001183783555196513
23855,4.291448837671525,0.00011980647204032412
24005,4.381894221721313,0.00012124205224780084
24155,4.593924717610943,0.00012268506799681432
24305,4.498558524005151,0.0001241354909963196
24455,4.398818365368081,0.00012559329281004933
24605,4.539655375821536,0.00012705844485707087
24755,4.2505878064952745,0.00012853091841234603
24905,4.410839143662545,0.0001300106846072954
25055,4.439178215174565,0.00013149771443036334
25205,4.279801391931779,0.0001329919787275873
25355,4.465341881015369,0.0001344934482031691
25505,4.452354933208717,0.00013600209342004988
25655,4.326012073848413,0.0001375178848004861
25805,4.1489089095352485,0.00013904079262663056
25955,4.287281065824329,0.0001405707870411147
26105,4.388976402636708,0.0001421078380476335
26255,4.337581242200321,0.00014365191551153438
26405,4.303653616654246,0.00014520298916040667
26555,4.353428924892684,0.0001467610285846772
26705,4.170902429140932,0.00014832600323820425
26855,4.2417103305776065,0.00014989788243887823
27005,4.166798851628624,0.00015147663536922208
27155,4.140412710915865,0.00015306223107699568
27305,4.204048429216657,0.0001546546384758032
27455,4.22730080034367,0.0001562538263457019
27605,4.335779406235073,0.000157859763333815
27755,4.108403060609931,0.0001594724179549451
27905,4.112066106593355,0.000161091758592193
28055,4.003115968360795,0.00016271775349757634
28205,4.048763217499943,0.00016435037079265283
28355,4.1253322822195475,0.00016598957846914461
28505,3.970728502524875,0.00016763534438956642
28655,4.065805060224265,0.00016928763628785515
28805,3.9678168429514473,0.00017094642177000255
28955,4.095967661181851,0.00017261166831469084
29105,4.027368714239048,0.00017428334327392926
29255,4.125892330057719,0.00017596141387369517
29405,4.143835835696832,0.0001776458472145763
29555,3.978004665165157,0.00017933661027241538
29705,3.993439938699591,0.00018103366989895774
29855,4.087165491470438,0.00018273699282250202
30005,3.976180384644365,0.00018444654564855098
30155,3.9942910071132944,0.00018616229486046756
30305,4.012458069707114,0.00018788420682013147
30455,4.054153141088116,0.0001896122477685982
30605,3.8693792488659433,0.00019134638382676183
30755,4.070487817479994,0.00019308658099601852
30905,3.9812568744167876,0.00019483280515893338
31055,3.894489658765556,0.0001965850220799095
31205,3.8430371395377225,0.0001983431974058586
31355,3.9379151591704846,0.00020010729666687492
31505,3.7929127577046184,0.0002018772852769114
31655,3.937107811331589,0.000203653128534457
31805,3.8832389213657073,0.0002054347916232174
31955,3.9215091011287027,0.00020722223961279766
32105,3.9517159348054958,0.00020901543745938708
32255,3.9728721990614515,0.00021081435000644584
32405,3.811738767676591,0.000212618941985395
32555,3.8175507334359042,0.00021442917801630713
32705,3.853846351200798,0.00021624502260860043
32855,3.70455666421055,0.00021806644016173458
33005,3.7106448639109866,0.00021989339496590848
33155,3.742973640482262,0.00022172585120276039
33305,3.8304739044565386,0.0002235637729460705
33455,3.7781828470404704,0.00022540712416246466
33605,3.7099590784386742,0.00022725586871212154
33755,3.7041596221575617,0.00022910997034948058
33905,3.752774633020361,0.0002309693927239529
34055,3.748874566863241,0.0002328340993806335
34205,3.825402811437769,0.00023470405376101763
34355,3.6463914213154833,0.00023657921920371475
34505,3.8772049954063013,0.00023845955894517
34655,3.6364492594985154,0.00024034503612038315
34805,3.789649481659456,0.0002422356137636322
34955,3.624775696321915,0.0002441312548091978
35105,3.764995875763521,0.0002460319220920908
35255,3.6731706225951335,0.0002479375783487792
35405,3.5552958973118516,0.0002498481862179199
5,3.616031183478305,0.0002508181055712129
155,3.8064384882429008,0.0002527361031042077
305,3.625131169345811,0.0002546589581721801
455,3.8160449186248098,0.00025658663307659543
605,3.5416670351721056,0.00025851909002442446
755,3.5670272426058283,0.0002604562911288832
905,3.7262899169594434,0.00026239819841017626
1055,3.6507548394306677,0.0002643447737962411
1205,3.538034419606888,0.0002662959791234949
1355,3.557572471500469,0.00026825177613758243
1505,3.5596002647871656,0.0002702121264941262
1655,3.535491616829582,0.000272176991759478
1805,3.6290933286376745,0.00027414633341147276
1955,3.4438583860530567,0.0002761201128401834
2105,3.460738110669794,0.0002780982913486784
2255,3.470228171684372,0.00028008083015377975
2405,3.4605552085303506,0.00028206769038682355
2555,3.468708878225463,0.00028405883309442256
2705,3.5172676597584855,0.0002860542192392292
2855,3.6472571240165457,0.00028805380970070116
3005,3.362845910705312,0.00029005756527586857
3155,3.346583704008673,0.0002920654466801022
3305,3.4641829212154964,0.0002940774145478842
3455,3.4778151276005964,0.0002960934294335793
3605,3.3091478859378025,0.00029811345181220833
3755,3.4955936319687786,0.0003001374420802236
3905,3.3145437607236317,0.00030216536055628477
4055,3.3469386449568597,0.0003041971674820369
4205,3.3504124360317347,0.00030623282302289
4355,3.349233198796075,0.0003082722872688007
4505,3.441146955098191,0.0003103155202350531
4655,3.52815017520025,0.0003123624818630443
4805,3.434345265788087,0.00031441313202106903
4955,3.4331283855847534,0.00031646743050510635
5105,3.2899808862370112,0.0003185253370396083
5255,3.318667411804199,0.0003205868112782889
5405,3.238945602043169,0.0003226518128049162
5555,3.3433361642513133,0.00032472030113410346
5705,3.3192505541535997,0.0003267922357121035
5855,3.266112488563683,0.000328867575917604
6005,3.261261852147264,0.00033094628106252334
6155,3.308123378912678,0.00033302831039280865
6305,3.214227742162244,0.0003351136230892349
6455,3.3057336064406955,0.00033720217826820466
6605,3.2992279466939682,0.0003392939349825502
6755,3.1947153552871583,0.0003413888522223365
6905,3.2606771230087865,0.00034348688891566433
7055,3.2655029605341084,0.0003455880039294761
7205,3.2354231080869686,0.00034769215607036196
7355,3.1765503731820184,0.00034979930408536857
7505,3.1616746739589106,0.00035190940666280604
7655,3.091287746858061,0.0003540224224330595
7805,3.000594842212646,0.00035613830996939877
7955,3.1547731265312136,0.00035825702778879173
8105,3.1988543433112064,0.0003603785343527172
8255,3.0845361872776027,0.00036250278806797915
8405,3.0348287791794024,0.000364629747287522
8555,3.277604100212153,0.00036675937031124784
8705,3.0870484087362904,0.0003688916153868333
8855,3.1970693331742575,0.00037102644071054856
9005,3.139235541738313,0.0003731638044280765
9155,3.078627554276108,0.00037530366463533343
9305,3.20241234137841,0.00037744597937929144
9455,3.021574670210817,0.00037959070665879947
9605,3.0402381008547468,0.00038173780442540774
9755,3.1366383803246145,0.0003838872305841917
9905,3.1359303837995864,0.00038603894299457794
10055,2.998938994771752,0.00038819289947116973
10205,3.0769539252896223,0.0003903490577845741
10355,3.1902201845264186,0.00039250737566223
10505,3.188591919913685,0.00039466781078923753
10655,3.117827960068886,0.00039683032080918654
10805,3.1772219757149123,0.00039899486332498784
10955,3.1535638039219034,0.0004011613958997037
11105,2.954455443944334,0.00040332987605738106
11255,3.121372304205378,0.0004055002612838828
11405,3.0214269902471895,0.0004076725090277224
11555,3.068295784636858,0.0004098465767008975
11705,3.072118887337305,0.0004120224216797254
11855,2.9755373172161295,0.0004142000013056781
12005,2.9185950811211434,0.0004163792728862194
12155,3.161668255076296,0.00041856019369564113
12305,3.0325898124128963,0.00042074272097590093
12455,2.9212497895763767,0.0004229268119374616
12605,2.961087690316318,0.0004251124237601286
12755,3.04335823912744,0.00042729951359389
12905,2.9835824884551716,0.00042948803855975717
13055,2.853225795109474,0.00043167795575060485
13205,3.010787901940284,0.00043386922223201234
13355,2.8585543704618805,0.00043606179504310563
13505,2.9016973064410796,0.00043825563119739917
13655,2.985893971093292,0.0004404506876836395
13805,3.017807641209097,0.00044264692146664755
13955,2.937786982950091,0.0004448442894881625
14105,2.9571572993035913,0.0004470427486676867
14255,2.961802514100169,0.00044924225590332976
14405,2.963896820746376,0.00045144276807265325
14555,2.9331573743498724,0.00045364424203351704
14705,2.9257482929445913,0.0004558466346249239
14855,2.941192087583285,0.0004580499026678671
15005,2.9076461314736384,0.0004602540029661759
15155,2.8719564106153403,0.00046245889230736267
15305,2.8926810614005265,0.0004646645274634704
15455,2.8773256507052842,0.00046687086519192015
15605,2.9029750233464195,0.0004690778622363584
15755,2.863679044507045,0.00047128547532750544
15905,2.881632817102607,0.0004734936611840038
16055,2.8536557493840946,0.00047570237651326647
16205,2.871542214141125,0.0004779115780123262
16355,2.9492140725893,0.0004801212223686838
16505,2.6815635879544444,0.00048233126626115767
16655,2.800196088770384,0.0004845416663607333
16805,2.729876492716662,0.00048675237933141254
16955,2.83322851736467,0.0004889633618310631
17105,2.8579067328925354,0.0004911745705122682
17255,2.756595776834682,0.0004933859620231773
17405,2.824234556130471,0.0004955974930083552
17555,2.773733473209679,0.0004978091201096318
17705,2.678259508247447,0.0005000207999669529
17855,2.7897956198796714,0.0005022324892192301
18005,2.7365383543652104,0.0005044441445051907
18155,2.7110343760738957,0.0005066557224642278
18305,2.7783148592050035,0.0005088671797372508
18455,2.8057659753120636,0.0005110784729675347
18605,2.8356004926699816,0.0005132895588015713
18755,2.813920875838256,0.0005155003938899183
18905,2.7473082265712314,0.0005177109348880491
19055,2.7481213377214586,0.000519921138457203
19205,2.8019043115469127,0.000522130961265235
19355,2.77966439561558,0.0005243403599874651
19505,2.7153081124760914,0.0005265492913075272
19655,2.988965019544796,0.0005287577119182195
19805,2.7363912298038873,0.0005309655785223526
19955,2.8246262348734144,0.0005331728478335986
20105,2.6795775537178383,0.0005353794765773399
20255,2.6501138019824486,0.0005375854214915178
20405,2.7728131989914306,0.0005397906393274801
20555,2.9567474612114575,0.0005419950868508295
20705,2.7928709824241627,0.0005441987208422709
20855,2.788985611445779,0.0005464014980984591
21005,2.6381763109056364,0.0005486033754328452
21155,2.7421919650289506,0.0005508043096765246
21305,2.68659382993335,0.0005530042576790815
21455,2.7188082510622147,0.0005552031763094363
21605,2.7548520948744595,0.0005574010224566907
21755,2.5847106564903,0.0005595977530309731
21905,2.7781539210943027,0.000561793324964283
22055,2.587873270345289,0.000563987695211336
22205,2.761666819175578,0.000566180820750407
22355,2.702183741375916,0.0005683726585841739
22505,2.7731884093511674,0.0005705631657405614
22655,2.6916400154868323,0.0005727522992735822
22805,2.6379085068056836,0.0005749400162641795
22955,2.686878744624715,0.0005771262738210691
23105,2.673634696341663,0.0005793110290815792
23255,2.677688991595646,0.0005814942392124913
23405,2.6275371027297068,0.0005836758614108804
23555,2.720854029191279,0.0005858558529049534
23705,2.624531505202724,0.0005880341709548877
23855,2.8437767745557556,0.0005902107728536696
24005,2.598157495993877,0.0005923856159279321
24155,2.7742914884370853,0.0005945586575387894
24305,2.8152834076719735,0.0005967298550826757
24455,2.612486243711034,0.0005988991659921783
24605,2.5393005963918323,0.000601066547736873
24755,2.6579851088819475,0.000603231957824158
24905,2.6114839406099226,0.0006053953538000866
25055,2.5963749080340213,0.0006075566932502001
25205,2.7441933111826016,0.0006097159338003585
25355,2.703358366134319,0.0006118730331175724
25505,2.5744155069858476,0.0006140279489108319
25655,2.616672477772963,0.0006161806389319362
25805,2.6139463138803665,0.0006183310609763223
25955,2.648717891622348,0.0006204791728838914
26105,2.5685620539396714,0.0006226249325398366
26255,2.7133731429595813,0.0006247682978754677
26405,2.5109193914441814,0.0006269092268690365
26555,2.5556230863643385,0.0006290476775465607
26705,2.681862481319121,0.0006311836079826463
26855,2.6828247667010365,0.0006333169763013101
27005,2.7523164304426913,0.0006354477406768002
27155,2.601300110796836,0.0006375758593344168
27305,2.687893647413987,0.0006397012905513303
27455,2.6929372227081982,0.0006418239926574
27605,2.5305099826041464,0.0006439439240359902
27755,2.6513618391913334,0.0006460610431247878
27905,2.6404503808194977,0.0006481753084166149
28055,2.6638372021266887,0.0006502866784602443
28205,2.421148155254055,0.0006523951118612116
28355,2.483130902536954,0.0006545005672826266
28505,2.6146789052599746,0.0006566030034459839
28655,2.6253379589451233,0.0006587023791319723
28805,2.623999703413388,0.0006607986531812825
28955,2.7259344077972045,0.0006628917844954145
29105,2.5147387912557444,0.0006649817320374832
29255,2.5469948232701394,0.0006670684548330229
29405,2.535162021846124,0.000669151911970791
29555,2.586165062628627,0.0006712320626035688
29705,2.598163321414296,0.0006733088659489647
29855,2.604114612639472,0.0006753822812902112
30005,2.7519050033810477,0.0006774522679769647
30155,2.696979328511982,0.0006795187854261019
30305,2.538062390007267,0.0006815817931225163
30455,2.57272284785294,0.0006836412506199109
30605,2.761864456637152,0.0006856971175415929
30755,2.57085226196343,0.0006877493535812639
30905,2.5563324789772857,0.0006897979185038114
31055,2.6311859140114264,0.0006918427721460965
31205,2.521996122799319,0.0006938838744177422
31355,2.4622191875313972,0.0006959211853019182
31505,2.5522408725546417,0.0006979546648561274
31655,2.530157538230928,0.000699984273212987
31805,2.5497807626241,0.0007020099705810113
31955,2.54377583274512,0.000704031717245391
32105,2.5707176753452847,0.0007060494735687733
32255,2.446069303889908,0.0007080631999920371
32405,2.510433951860229,0.00071007285703507
32555,2.394434318906652,0.0007120784052975415
32705,2.273704225668498,0.0007140798054596764
32855,2.57652966010986,0.000716077018283024
33005,2.434964934398327,0.0007180700046112296
33155,2.5280170126275703,0.0007200587253708005
33305,2.48382759623831,0.0007220431415718724
33455,2.5789820737925933,0.0007240232143089748
33605,2.4644421062053246,0.000725998904761792
33755,2.4682968150259557,0.0007279701741959258
33905,2.4008574432500915,0.0007299369839636543
34055,2.532425078371956,0.0007318992955046891
34205,2.5566401051693273,0.0007338570703469324
34355,2.625100143120417,0.0007358102701072305
34505,2.4301080130161035,0.0007377588564921256
34655,2.470828480044946,0.000739702791298609
34805,2.61843246399623,0.0007416420364148668
34955,2.3782186715223648,0.0007435765538210304
35105,2.5442013455543213,0.0007455063055899194
35255,2.4982098743657724,0.000747431253887786
35405,2.4173276933922865,0.0007493513609750575
79,2.472382024145941,0.0007511900742231433
229,2.4754095343904123,0.0007531005834268054
379,2.5020602341480567,0.0007550061402698341
529,2.492400649763523,0.0007569067073928358
679,2.375332558535339,0.0007588022475342426
829,2.4589732837342964,0.0007606927235310429
979,2.4237051319115634,0.0007625780983195106
1129,2.5486319700607014,0.0007644583349359307
1279,2.497291986618625,0.0007663333965173254
1429,2.459726163319179,0.0007682032463021753
1579,2.4767191729402973,0.0007700678476311412
1729,2.434615525312507,0.000771927163947783
1879,2.5603294977937976,0.0007737811587992748
2029,2.4286832358386063,0.0007756297958371217
2179,2.4445342806588233,0.0007774730388178711
2329,2.572778735856686,0.0007793108516038231
2479,2.4699130325517804,0.0007811431981637402
2629,2.526577029909406,0.0007829700425735528
2779,2.4827597613003163,0.0007847913490170633
2929,2.3143530567055772,0.0007866070817866491
3079,2.337499083250678,0.0007884172052839619
3229,2.521587155198538,0.0007902216840206266
3379,2.402329412045229,0.0007920204826189362
3529,2.402246381868334,0.0007938135658125449
3679,2.3978203333440424,0.0007956008984471613
3829,2.4780268951128885,0.0007973824454812363
3979,2.3692262382225016,0.0007991581719866501
4129,2.563928343583964,0.0008009280431493975
4279,2.3842240518220854,0.0008026920242702699
4429,2.358300024973028,0.0008044500807655364
4579,2.5817579389643193,0.000806202178167621
4729,2.4034073875359794,0.0008079482821257789
4879,2.8076057138489667,0.0008096883584067699
5029,2.3561739752478634,0.0008114223728955287
5179,2.4218617615755047,0.0008131502915958353
5329,2.425377304156107,0.0008148720806309804
5479,2.370000049008748,0.0008165877062444296
5629,2.3107012914749783,0.0008182971348004856
5779,2.287255163723051,0.0008200003327849479
5929,2.4141999536579704,0.0008216972668057687
6079,2.4175518050993063,0.000823387903593709
6229,2.430008967285571,0.00082507221000299
6379,2.300677655254983,0.0008267501530119428
6529,2.299815981691769,0.0008284216997236569
6679,2.3549783672558395,0.0008300868173666234
6829,2.445476741757073,0.0008317454732953795
6979,2.3946987336653653,0.000833397634991147
7129,2.4613700117537456,0.0008350432700624702
7279,2.4640315350025777,0.0008366823462458517
7429,2.439733287155709,0.0008383148314063838
7579,2.410391814836109,0.0008399406935383795
7729,2.480860826836635,0.0008415599007659996
7879,2.3588580144962794,0.0008431724213438772
8029,2.355430091937625,0.0008447782236577408
8179,2.3006242959677765,0.0008463772762250341
8329,2.3572825994647917,0.0008479695476955324
8479,2.4511437268767677,0.000849555006851958
8629,2.3623381157500623,0.0008511336226105922
8779,2.4744021318166416,0.0008527053640218845
8929,2.3521080099303147,0.0008542702002710591
9079,2.383422053031374,0.0008558281006787198
9229,2.312083060192205,0.0008573790347014507
9379,2.4384748798560527,0.0008589229719324153
9529,2.4294568256171534,0.000860459882101953
9679,2.243744523973121,0.0008619897350781723
9829,2.3743635439652278,0.0008635125008675409
9979,2.3354996946003315,0.0008650281496154751
10129,2.324853128599889,0.0008665366516069239
10279,2.3862318215866436,0.0008680379772669519
10429,2.3218615509859086,0.00086953209716132
10579,2.42219811026384,0.0008710189819970608
10729,2.251421639678675,0.0008724986026230543
10879,2.4159447805595136,0.0008739709300305994
11029,2.3444931823138826,0.000875435935353981
11179,2.369486393138049,0.0008768935898710384
11329,2.2883882901959622,0.0008783438650037265
11479,2.3573520512306385,0.0008797867323186764
11629,2.4621918683936292,0.0008812221635277541
11779,2.3520083162878134,0.0008826501304886132
11929,2.3642674108533486,0.0008840706052052483
12079,2.266718191411904,0.0008854835598285428
12229,2.4319207070195548,0.0008868889666568155
12379,2.4595079637381487,0.0008882867981363633
12529,2.5193942861354097,0.0008896770268620018
12679,2.4822222851282265,0.0008910596255776023
12829,2.2439469549291697,0.0008924345671766265
12979,2.479968841464211,0.0008938018247026569
13129,2.3161718237255267,0.0008951613713499269
13279,2.3790468452910982,0.0008965131804638456
13429,2.3544099413115402,0.0008978572255415195
13579,2.308898012898946,0.0008991934802322738
13729,2.3561789898376064,0.0009005219183381673
13879,2.353861101535188,0.0009018425138145075
14029,2.34562435004154,0.0009031552407703603
14179,2.3465859970712772,0.000904460073469058
14329,2.2502285944842875,0.0009057569863287036
14479,2.297599106392962,0.0009070459539226725
14629,2.4513516750111672,0.0009083269509801112
14779,2.4751067323309432,0.0009095999523864324
14929,2.397752652956745,0.0009108649331838074
15079,2.373254749889946,0.0009121218685716559
15229,2.4523042282968195,0.0009133707339071316
15379,2.3644912156349087,0.0009146115047056056
15529,2.4900335215763327,0.0009158441566411466
15679,2.415986506493537,0.0009170686655469978
15829,2.3556077969511953,0.00091828500741605
15979,2.3918756412943627,0.0009194931584013134
16129,2.407812498470041,0.0009206930948163844
16279,2.309534125219547,0.0009218847931359099
16429,2.3523851735702417,0.0009230682299960492
16579,2.3249904871310147,0.0009242433821949312
16729,2.283985490622188,0.0009254102266931105
16879,2.290165858935474,0.0009265687406140171
17029,2.4382001422045336,0.000927718901244407
17179,2.297071101342712,0.0009288606860348068
17329,2.278221637534837,0.0009299940725999548
17479,2.2444402233342586,0.0009311190387192415
17629,2.3707011726978777,0.000932235562337144
17779,2.2981207747318857,0.0009333436215636588
17929,2.316500351425858,0.0009344431946747316
18079,2.224121338281876,0.0009355342601126818
18229,2.3492799529546424,0.0009366167964866266
18379,2.320977672115787,0.0009376907825728996
18529,2.3801541328430176,0.000938756197315467
18679,2.2965984052966255,0.0009398130198263405
18829,2.2855549230488066,0.000940861229385987
18979,2.3440114771959504,0.000941900805443734
19129,2.3620313476482298,0.000942931727618174
19279,2.313878105245099,0.0009439539756975623
19429,2.360995011786892,0.0009449675296402148
19579,2.268944837864625,0.0009459723695749002
19729,2.2498534507110337,0.0009469684758012294
19879,2.465391159057617,0.0009479558287900423
20029,2.2987339327858924,0.0009489344091837904
20179,2.238279039209539,0.000949904197796916
20329,2.540992088946402,0.0009508651756162288
20479,2.23460781264403,0.0009518173238012787
20629,2.27772160862269,0.0009527606236847249
20779,2.3130133721108463,0.000953695056772702
20929,2.3785697706675126,0.0009546206047451821
21079,2.202929859478269,0.0009555372494563353
21229,2.3176534680100085,0.0009564449729348837
21379,2.1388341379429097,0.0009573437573844551
21529,2.3104401044948126,0.0009582335851839317
21679,2.2347744409140056,0.0009591144388877944
21829,2.467546805611467,0.0009599863012264666
21979,2.1856031253655983,0.0009608491551066516
22129,2.325120147097729,0.000961702983611668
22279,2.2174005068133944,0.0009625477700017813
22429,2.2553770546276812,0.0009633834977145322
22579,2.2528714644819354,0.0009642101503650616
22729,2.2559364723010114,0.0009650277117464312
22879,2.2678712374484378,0.0009658361658299417
23029,2.2910921919922997,0.0009666354967654468
23179,2.3258262504635256,0.0009674256888816644
23329,2.2984048995104702,0.000968206726686483
23479,2.391862513745709,0.0009689785948672665
23629,2.28575635280005,0.0009697412782911535
23779,2.4925606898205928,0.0009704947620053543
23929,2.2242773089384738,0.0009712390312374446
24079,2.182154659825184,0.000971974071395654
24229,2.3605398378874125,0.0009726998680691531
24379,2.4257529736377514,0.0009734164070283355
24529,2.1743833884764254,0.0009741236742250968
24679,2.2013455760636518,0.0009748216557931105
24829,2.2902827785939586,0.0009755103380480991
24979,2.303547392473844,0.0009761897074881031
25129,2.3425654210942857,0.0009768597507937452
25279,2.318985719048516,0.0009775204548284914
25429,2.2492946609658113,0.0009781718066389092
25579,2.3717512564835106,0.000978813793454921
25729,2.1691586091380337,0.0009794464026900544
25879,2.273173864222755,0.0009800696219416894
26029,2.295888516333449,0.0009806834389913012
26179,2.223895502132991,0.0009812878418047001
26329,2.2934414081454593,0.0009818828185322666
26479,2.340287225295419,0.000982468357509185
26629,2.2427639257573038,0.000983044447255671
26779,2.248311998981797,0.0009836110764771973
26929,2.1094445800248223,0.0009841682340647152
27079,2.2110922143795873,0.0009847159090948716
27229,2.295952215107209,0.0009852540908302238
27379,2.215128922748185,0.0009857827687194502
27529,2.259540030521213,0.0009863019323975567
27679,2.2922080916327396,0.00098681157168608
27829,2.2128329283255486,0.0009873116765932873
27979,2.216611801937613,0.0009878022373143718
28129,2.186239609820704,0.0009882832442316457
28279,2.2992635428663735,0.000988754687914728
28429,2.219529503480998,0.0009892165591207298
28579,2.229042145428737,0.0009896688487944353
28729,2.322498018852549,0.0009901115480684796
28879,2.275782500126565,0.0009905446482635224
29029,2.3060934853945665,0.0009909681408884177
29179,2.263278699183202,0.000991382017640381
29329,2.2049690037260894,0.0009917862704051522
29479,2.27504481601344,0.0009921808912571534
29629,2.1624918899918124,0.0009925658724596461
29779,2.275889976343992,0.0009929412064648812
29929,2.120987881850166,0.0009933068859142482
30079,2.330059854607833,0.0009936629036384186
30229,2.204079868901482,0.000994009252657487
30379,2.2741704842541157,0.0009943459261811084
30529,2.3811998971219426,0.0009946729176086295
30679,2.2928165909427927,0.0009949902205292206
30829,2.3001147082947733,0.0009952978287219988
30979,2.251580784849324,0.0009955957361561525
31129,2.227643289915419,0.000995883936991057
31279,2.2023513596108617,0.000996162425576391
31429,2.3250593803822994,0.0009964311964522474
31579,2.1582062468935024,0.0009966902443492378
31729,2.234314708123371,0.0009969395641885998
31879,2.265301004193833,0.0009971791510822927
32029,2.2412696425134504,0.0009974090003330958
32179,2.215980208493809,0.0009976291074347001
32329,2.2403577076537267,0.0009978394680717957
32479,2.240923367845102,0.0009980400781201572
32629,2.204789943847521,0.0009982309336467243
32779,2.2466486019264926,0.0009984120309096793
32929,2.301799300501117,0.0009985833663585196
33079,2.250003019270926,0.0009987449366341283
33229,2.130182402291176,0.0009988967385688393
33379,2.324261595660311,0.0009990387691865001
33529,2.2622468573025887,0.0009991710257025294
33679,2.220688340807511,0.0009992935055239717
33829,2.2176029021741037,0.0009994062062495495
33979,2.1531726958903863,0.0009995091256697084
34129,2.1700075227920324,0.000999602261766662
34279,2.0700334166946197,0.0009996856127144303
34429,2.168306821509253,0.0009997591768788766
34579,2.221695453553767,0.0009998229528177386
34729,2.130041453485018,0.0009998769392806572
34879,2.1277040216983463,0.0009999211352092006
35029,2.1883769411513225,0.000999955539736886
35179,2.1691500583541727,0.0009999801521891948
35329,2.1491202362633874,0.0009999949720835882
3,2.1077557960367583,0.0009999999860722305
153,2.144511787358011,0.0009999998633483827
303,2.199610164876951,0.0009999994221651567
453,2.1709307840303635,0.0009999986760168623
603,2.173747134446449,0.0009999976249039557
753,2.119721501070502,0.0009999962688270782
903,2.221973019523556,0.000999994607787058
1053,2.2035098736683705,0.000999992641784909
1203,2.2508635094225875,0.0009999903708218317
1353,2.1902913399353423,0.0009999877948992123
1503,2.327776424646078,0.000999984914018624
1653,2.280853152378476,0.0009999817281818254
1803,2.191200984262787,0.0009999782373907615
1953,2.284380138531573,0.000999974441647564
2103,2.139747787166286,0.00099997034095455
2253,2.222979929769029,0.000999965935314223
2403,2.247133967236993,0.0009999612247292731
2553,2.1373675794017557,0.0009999562092025765
2703,2.2368796793113193,0.0009999508887371948
2853,2.1717714598454325,0.000999945263336377
3003,2.1520061868247917,0.000999939333003557
3153,2.2109245908433115,0.000999933097742356
3303,2.2154283668557837,0.000999926557556581
3453,2.063455817463634,0.0009999197124502244
3603,2.115904489445941,0.0009999125624274659
3753,2.196623769562703,0.0009999051074926707
3903,2.2243962200294956,0.0009998973476503907
4053,2.192940786675436,0.000999889282905363
4203,2.1413474925688734,0.0009998809132625124
4353,2.231717630699798,0.0009998722387269477
4503,2.0268998618916965,0.000999863259303966
4653,2.1794717923729823,0.0009998539749990491
4803,2.304916434428271,0.0009998443858178659
4953,2.135931410077951,0.0009998344917662707
5103,2.214252705917255,0.000999824292850304
5253,2.3538762757885676,0.000999813789076193
5403,2.278811959108192,0.0009998029804503508
5553,2.3132745438715774,0.0009997918669793762
5703,2.2067834426981383,0.0009997804486700547
5853,2.1663288866563724,0.0009997687255293574
6003,2.0568733702904733,0.0009997566975644418
6153,2.0423654640946434,0.0009997443647826515
6303,2.169815161299468,0.0009997317271915164
6453,2.26912163942405,0.000999718784798752
6603,2.171672369236901,0.0009997055376122603
6753,2.204990073940686,0.0009996919856401292
6903,2.0909025607740177,0.0009996781288906327
7053,2.377216420877304,0.000999663967372231
7203,2.1504466603753234,0.0009996495010935703
7353,2.2193913278383723,0.0009996347300634827
7503,2.0754129897318614,0.0009996196542909868
7653,2.219499901896498,0.0009996042737852868
7803,2.1437696141336,0.000999588588555773
7953,2.0051607250297154,0.0009995725986120222
8103,2.1240058842055296,0.0009995563039637966
8253,2.1785439029067,0.0009995397046210451
8403,2.091449739219011,0.0009995228005939022
8553,2.1798760492890596,0.0009995055918926882
8703,2.2084684018283856,0.00099948807852791
8853,2.295053677470634,0.0009994702605102604
9003,2.243793213113163,0.0009994521378506177
9153,2.1594994726811865,0.0009994337105600464
9303,2.1941947257694077,0.0009994149786497976
9453,2.386015907564856,0.0009993959421313078
9603,2.1474124291591616,0.0009993766010161992
9753,2.1489700508365703,0.0009993569553162808
9903,2.0916823801247055,0.000999337005043547
10053,2.162231110066136,0.000999316750210178
10203,2.2758934312237953,0.0009992961908285405
10353,2.227232384989956,0.0009992753269111867
10503,2.177369557764754,0.0009992541584708551
10653,2.151468154034504,0.0009992326855204695
10803,2.129688578348506,0.0009992109080731405
10953,2.13826060450663,0.0009991888261421638
11103,2.2275543606286456,0.0009991664397410215
11253,2.103673667705075,0.0009991437488833814
11403,2.0389795303344727,0.000999120753583097
11553,2.1190361321023343,0.0009990974538542081
11703,2.1593675317014593,0.0009990738497109403
11853,2.1179337201156017,0.0009990499411677047
12003,2.0830278787634637,0.0009990257282390983
12153,2.1446482630996107,0.0009990012109399044
12303,2.136551711249025,0.0009989763892850917
12453,2.0851289741120196,0.0009989512632898147
12603,2.0366877427400256,0.000998925832969414
12753,2.2318582571438497,0.000998900098339416
12903,2.239141060674111,0.0009988740594155327
13053,2.145063765396874,0.0009988477162136617
13203,2.1609769333006525,0.0009988210687498866
13353,2.1533220223495295,0.0009987941170404773
13503,2.0683980946029936,0.0009987668611018883
13653,2.1361480931837633,0.0009987393009507608
13803,2.2102485152439297,0.0009987114366039216
13953,2.2164304929116465,0.0009986832680783826
14103,2.1042515951968306,0.0009986547953913423
14253,2.1894519979303535,0.000998626018560184
14403,2.1134275488412215,0.0009985969376024775
14553,2.1943144329784694,0.0009985675525359776
14703,2.164929848874301,0.0009985378633786256
14853,2.103843472220681,0.0009985078701485474
15003,2.0985422633025266,0.0009984775728640555
15153,2.18713175608271,0.0009984469715436475
15303,2.1452516873532876,0.0009984160662060066
15453,2.2383851217056634,0.000998384856870002
15603,2.1890991121943935,0.0009983533435546884
15753,2.1504804269591373,0.0009983215262793059
15903,2.107302225874684,0.00099828940506328
16053,2.157023617024394,0.0009982569799262223
16203,2.1756481349834544,0.0009982242508879298
16353,2.227443088221409,0.0009981912179683845
16503,2.0583774845673006,0.0009981578811877547
16653,2.2339251457234415,0.0009981242405663938
16803,2.1616089563100447,0.0009980902961248409
16953,2.119694077354441,0.0009980560478838202
17103,2.081827070172979,0.000998021495864242
17253,2.0517863141846298,0.0009979866400872015
17403,2.0613978163945568,0.0009979514805739797
17553,2.1827881184556897,0.000997916017346043
17703,2.1165058406215915,0.0009978802504250431
17853,2.1735678362042714,0.0009978441798328172
18003,2.0879270770236484,0.0009978078055913875
18153,2.0833537672986076,0.0009977711277229628
18303,2.0606348887983574,0.0009977341462499357
18453,2.0846670852796465,0.0009976968611948853
18603,2.1574502042682986,0.0009976592725805759
18753,2.111076508950249,0.0009976213804299562
18903,2.155025295250645,0.0009975831847661614
19053,2.1021166528351025,0.0009975446856125116
19203,2.079443246979217,0.0009975058829925119
19353,2.2264507358441468,0.000997466776929853
19503,2.202782979067488,0.0009974273674484106
19653,2.1894349484264524,0.000997387654572246
19803,2.148154979329473,0.0009973476383256057
19953,2.0336407775505747,0.000997307318732921
20103,2.1275526965012284,0.0009972666958188087
20253,2.139687700042794,0.0009972257696080709
20403,2.0458966427231684,0.0009971845401256947
20553,2.205088166843321,0.0009971430073968525
20703,2.095889008563498,0.0009971011714469016
20853,2.0296935175285964,0.0009970590323013847
21003,2.0814382888209395,0.0009970165899860293
21153,2.0489547387019367,0.0009969738445267484
21303,2.1286297591308534,0.0009969307959496398
21453,1.9791354663180607,0.0009968874442809863
21603,2.0803462395437586,0.0009968437895472562
21753,2.13385489861066,0.0009967998317751022
21903,2.1177343353820643,0.0009967555709913625
22053,2.188963399213903,0.00099671100722306
22203,2.026049620440217,0.000996666140497403
22353,2.0843633847857252,0.0009966209708417843
22503,2.2217657744053256,0.0009965754982837818
22653,2.101701323119566,0.0009965297228511584
22803,2.209534025654819,0.000996483644571862
22953,2.210238932323621,0.0009964372634740253
23103,1.999653794548728,0.0009963905795859658
23253,2.1909306799962227,0.0009963435929361858
23403,2.171976247606057,0.000996296303553373
23553,1.9930004242241302,0.0009962487114663994
23703,2.0866193252056493,0.0009962008167043216
23853,2.1149690406440755,0.0009961526192963817
24003,2.014354561590044,0.000996104119272006
24153,2.049190405404303,0.0009960553166608057
24303,2.148478844020387,0.0009960062114925772
24453,2.1873024751513785,0.0009959568037973007
24603,2.0424200431854818,0.0009959070936051422
24753,2.1435105686992935,0.0009958570809464515
24903,1.9606593567105481,0.0009958067658517634
25053,1.9989359151026247,0.0009957561483517976
25203,2.1118667239632747,0.0009957052284774578
25353,2.097411854855999,0.0009956540062598328
25503,2.1635948485023366,0.0009956024817301963
25653,2.0380261871549816,0.0009955506549200056
25803,2.1645828169219348,0.0009954985258609033
25953,2.215082887823824,0.0009954460945847165
26103,2.103449407458048,0.0009953933611234565
26253,2.1852269713044317,0.0009953403255093193
26403,2.0515849454945414,0.0009952869877746854
26553,2.060755513668487,0.0009952333479521195
26703,2.058763067034698,0.0009951794060743713
26853,2.054334907922488,0.000995125162174374
27003,2.072731618227204,0.0009950706162852462
27153,2.1388623408347645,0.0009950157684402905
27303,2.0851868702225898,0.0009949606186729933
27453,2.082313183919982,0.0009949051670170262
27603,2.0820227631812265,0.0009948494135062446
27753,1.9785115163620204,0.0009947933581746884
27903,2.0246732375201058,0.0009947370010565816
28053,2.1381311366520497,0.0009946803421863326
28203,2.151302493127824,0.0009946233815985338
28353,2.1075174796317264,0.0009945661193279623
28503,2.0458439581155563,0.000994508555409579
28653,2.276945268618623,0.000994450689878529
28803,2.0224396775408486,0.0009943925227701416
28953,1.9949046614902473,0.0009943340541199303
29103,1.979041728999892,0.0009942752839635924
29253,2.0894236509687003,0.00099421621233701
29403,2.2231025281159775,0.000994156839276248
29553,1.9905654592932809,0.000994097164817557
29703,2.0955822684548115,0.00099403718899737
29853,2.111803523208954,0.0009939769118523052
30003,1.9576260472928453,0.000993916333419164
30153,2.1142279641311057,0.000993855453734932
30303,2.060331721882244,0.0009937942728367793
30453,2.1585414538512357,0.000993732790762059
30603,2.1953630638888564,0.000993671007548308
30753,2.1386592786223173,0.000993608923233248
30903,2.120659664638324,0.0009935465378547842
31053,2.0567366616171805,0.0009934838514510053
31203,1.9786401247703194,0.0009934208640601837
31353,2.0599983956502834,0.000993357575720776
31503,2.2148193665439906,0.0009932939864714225
31653,2.115351371878573,0.0009932300963509466
31803,1.996384467278327,0.0009931659053983566
31953,2.060134417165524,0.000993101413652843
32103,1.9949832587836227,0.000993036621153781
32253,2.1834769475833062,0.0009929715279407294
32403,2.2326746162712143,0.0009929061340534296
32553,2.044871328975955,0.000992840439531808
32703,2.1351029346515604,0.000992774444415973
32853,2.0453623995150325,0.0009927081487462182
33003,2.1274253216940155,0.0009926415525630195
33153,1.9724075815507343,0.0009925746559070366
33303,1.9479402485782782,0.0009925074588191126
33453,2.0164144604784524,0.0009924399613402742
33603,2.015008169048933,0.0009923721635117313
33753,2.1596017392090743,0.0009923040653748777
33903,1.999706620172881,0.0009922356669712896
34053,2.2845302593732923,0.000992166968342727
34203,2.092746216861764,0.000992097969531134
34353,2.1461595497552475,0.0009920286705786365
34503,2.0886994119900377,0.0009919590715275447
34653,1.973610066167277,0.0009918891724203516
34803,2.1067936019271247,0.0009918189732997336
34953,2.0036583572491264,0.0009917484742085498
35103,2.0545310024762045,0.0009916776751898433
35253,1.9702417015380305,0.0009916065762868396
35403,2.0267607680110498,0.0009915351775429478
77,2.0469156471458643,0.0009914663526989663
227,2.1787834105203085,0.0009913943663935546
377,2.0421287398113352,0.0009913220803768172
527,1.9790497683455137,0.000991249494692888
677,2.029096496688736,0.0009911766093860838
827,2.1506844401566156,0.0009911034245009037
977,2.055378056861259,0.0009910299400820303
1127,2.0489469371394646,0.0009909561561743288
1277,1.9816336652780946,0.0009908820728228471
1427,2.104201501137332,0.0009908076900728168
1577,2.088313279714126,0.000990733007969651
1727,2.16513344582091,0.0009906580265589464
1877,2.0328091180070915,0.0009905827458864826
2027,2.1177123195117282,0.000990507165998221
2177,1.9299572572187307,0.0009904312869403068
2327,2.041936078608431,0.000990355108759067
2477,2.061931004964683,0.0009902786315010115
2627,1.9732246398925781,0.0009902018552128329
2777,2.0551484873716817,0.0009901247799414062
2927,2.0354834101844568,0.0009900474057337894
3077,2.0458524111728194,0.0009899697326372222
3227,2.0940191611767243,0.0009898917606991275
3377,2.0359830619700463,0.0009898134899671105
3527,2.013605073612169,0.0009897349204889584
3677,2.0493726466757494,0.0009896560523126412
3827,1.985859836947884,0.0009895768854863115
3977,1.9363082047049882,0.0009894974200583035
4127,2.0169325762515444,0.0009894176560771343
4277,2.1109323621728335,0.0009893375935915033
4427,1.9333334843607715,0.0009892572326502917
4577,2.007277745960859,0.0009891765733025632
4727,2.0292068618574954,0.0009890956155975638
4877,1.975147430181287,0.0009890143595847215
5027,1.976514065201679,0.0009889328053136464
5177,2.066374453041405,0.000988850952834131
5327,1.9905106268266552,0.000988768802196149
5477,2.098906926955596,0.0009886863534498574
5627,2.015563983790922,0.0009886036066455944
5777,2.0461733063557244,0.0009885205618338803
5927,1.9750233820016436,0.0009884372190654173
6077,2.097866244535143,0.0009883535783910898
6227,2.0693060661796854,0.0009882696398619637
6377,2.0109979049468873,0.000988185403529287
6527,2.0159979170622395,0.0009881008694444895
6677,2.0715204347053833,0.000988016037659183
6827,2.0958323774046703,0.0009879309082251604
6977,1.963792313911497,0.0009878454811943968
7127,2.0733036465578145,0.0009877597566190493
7277,1.9938487272996168,0.000987673734551456
7427,2.0470160180395776,0.000987587415044137
7577,1.9961394439985558,0.000987500798149794
7727,1.983569268174167,0.00098741388392131
7877,2.0090383215521728,0.0009873266724117497
8027,1.9712703568594796,0.0009872391636743597
8177,1.9340362578804415,0.0009871513577625675
8327,2.1586253903354264,0.0009870632547299822
8477,2.089656422944316,0.0009869748546303945
8627,2.0407717832751535,0.000986886157517776
8777,2.104034039183554,0.0009867971634462801
8927,1.963144556653108,0.0009867078724702415
9077,1.9785591381059278,0.0009866182846441762
9227,2.1309571082369123,0.000986528400022781
9377,1.9938969488374914,0.000986438218660934
9527,2.0310818787150455,0.000986347740613695
9677,2.0120134625410167,0.0009862569659363045
9827,1.9287795801659338,0.000986165894684184
9977,1.9324044539171057,0.0009860745269129364
10127,2.0060486205348886,0.0009859828626783457
10277,2.0467609856612885,0.0009858909020363765
10427,2.056376450012017,0.0009857986450431747
10577,1.9043896702809946,0.000985706091755067
10727,2.0236678040810743,0.0009856132422285605
10877,2.0159403994857663,0.0009855200965203446
11027,2.162423263263105,0.000985426654687288
11177,1.9615379762392713,0.0009853329167864408
11327,2.0148741290173726,0.0009852388828750342
11477,2.043159531744525,0.0009851445530104795
11627,2.0567567381140304,0.0009850499272503691
11777,2.134398099463979,0.000984955005652476
11927,1.9881286612757436,0.0009848597882747537
12077,2.029224532659278,0.0009847642751753362
12227,2.043776774919161,0.0009846684664125383
12377,2.065658101236633,0.0009845723620448554
12527,1.965151686187184,0.000984475962130963
12677,2.042516701288157,0.0009843792667297176
12827,2.1752488383221538,0.000984282275900155
12977,2.065014317759519,0.0009841849897014928
13127,2.008205892793801,0.0009840874081931278
13277,2.100404067472978,0.0009839895314346378
13427,1.9436749987747255,0.0009838913594857807
13577,2.0518483282660513,0.0009837928924064942
13727,2.0205894593269593,0.0009836941302568969
13877,1.8679598050803714,0.000983595073097287
14027,2.0233930304038137,0.000983495720988143
14177,2.114631858053087,0.0009833960739901234
14327,2.102154725557798,0.0009832961321640668
14477,2.021994640860943,0.000983195895570992
14627,1.943363786554661,0.0009830953642720975
14777,1.9528094427548108,0.0009829945383287618
14927,1.9819869865394049,0.0009828934178025433
15077,1.8986095496214153,0.0009827920027551805
15227,1.9744484378360316,0.000982690293248591
15377,2.060761865564471,0.0009825882893448729
15527,2.1930900577720736,0.000982485991106304
15677,1.9929128156291496,0.0009823833985953415
15827,1.9627637127890203,0.0009822805118746224
15977,2.0238657926835613,0.000982177331006963
16127,2.1827389708662457,0.0009820738560553598
16277,2.02099329588429,0.0009819700870829886
16427,2.0959243184993297,0.0009818660241532043
16577,2.02457711475369,0.0009817616673295417
16727,2.139147803410728,0.0009816570166757154
16877,2.1128154670198755,0.0009815520722556185
17027,1.996401501857095,0.000981446834133324
17177,1.9822668901739273,0.0009813413023730844
17327,2.06524844858787,0.000981235477039331
17477,2.026579170677015,0.0009811293581966742
17627,2.111496665335459,0.0009810229459099045
17777,1.9293736654948221,0.0009809162402439908
17927,2.017964392834092,0.0009808092412640812
18077,2.0787584571100464,0.0009807019490355035
18227,2.0141446627693127,0.0009805943636237633
18377,2.0429793931054943,0.0009804864850945464
18527,2.029064763704518,0.0009803783135137168
18677,2.0112416011401772,0.0009802698489473182
18827,2.1155019825588197,0.0009801610914615725
18977,2.08006423886351,0.0009800520411228804
19127,2.011263221571259,0.000979942697997822
19277,1.9838419346523037,0.0009798330621531555
19427,1.8800709112595086,0.0009797231336558182
19577,2.071067731974864,0.0009796129125729264
19727,2.0439341752087308,0.000979502398971774
19877,2.0104881875226717,0.0009793915929198346
20027,2.0733532875077305,0.0009792804944847597
20177,2.0994700149412524,0.0009791691037343794
20327,2.036843009774676,0.0009790574207367024
20477,2.0970596771273713,0.0009789454455599157
20627,2.060570818577635,0.0009788331782723853
20777,1.853662425418761,0.0009787206189426545
20927,1.9803105718009566,0.0009786077676394455
21077,2.1344238286398043,0.0009784946244316588
21227,1.9723505652693054,0.000978381189388373
21377,1.9747721539302305,0.000978267462578845
21527,1.99359424226502,0.0009781534440725093
21677,1.9440723925220722,0.0009780391339389795
21827,1.9766805561017793,0.0009779245322480462
21977,1.9653251541893344,0.0009778096390696785
22127,2.136873267907238,0.0009776944544740238
22277,2.072774210283833,0.000977578978531407
22427,1.92156634127044,0.0009774632113123307
22577,2.008061591981496,0.0009773471528874756
22727,2.063887213972071,0.0009772308033277003
22877,2.004336294150582,0.0009771141627040408
23027,1.9348460738941775,0.0009769972310877115
23177,1.994834502502927,0.0009768800085501036
23327,1.951818795039736,0.0009767624951627862
23477,2.026197623713476,0.0009766446909975064
23627,1.924421117843269,0.0009765265961261883
23777,1.9931981097096982,0.0009764082106209339
23927,1.9878183838224759,0.0009762895345540223
24077,1.953110547192329,0.0009761705679979104
24227,1.9884125642798018,0.0009760513110252317
24377,2.0125145218121716,0.000975931763708798
24527,2.052640850011753,0.0009758119261215976
24677,1.9236396951350105,0.0009756917983367966
24827,2.0669991647366937,0.0009755713804277378
24977,1.9169337884827993,0.0009754506724679411
25127,1.9758982220541237,0.0009753296745311041
25277,1.9582003025111236,0.0009752083866911008
25427,2.1093020649076255,0.0009750868090219826
25577,1.9560538330494084,0.0009749649415979775
25727,1.922278019198536,0.0009748427844934907
25877,2.0371166085612336,0.0009747203377831043
26027,2.0081895003047014,0.000974597601541577
26177,1.982938078507571,0.0009744745758438442
26327,1.9268254223077195,0.0009743512607650183
26477,2.0161022113848337,0.0009742276563803884
26627,2.086153091528477,0.0009741037627654199
26777,1.9575331429764296,0.000973979579995755
26927,2.0812582811072238,0.0009738551081472125
27077,2.011023903884326,0.0009737303472957874
27227,1.9904699481901575,0.0009736052975176517
27377,1.913904877169614,0.0009734799588891534
27527,2.0549822390569963,0.0009733543314868166
27677,1.9635531203318106,0.0009732284153873423
27827,1.936404523373996,0.0009731022106676075
27977,1.9422336202486854,0.0009729757174046654
28127,1.9738615387386935,0.0009728489356757451
28277,2.182585649144675,0.0009727218655582525
28427,1.845275410690626,0.0009725945071297689
28577,1.9088718443285695,0.0009724668604680518
28727,1.8819677997642839,0.0009723389256510352
28877,2.078589688531847,0.0009722107027568281
29027,2.153828733882529,0.0009720821918637162
29177,1.9120592363074378,0.0009719533930501606
29327,2.0366990625135664,0.0009718243063947985
29477,2.0706902354126475,0.0009716949319764424
29627,2.040008274284569,0.0009715652698740806
29777,1.9450862156717401,0.0009714353201668777
29927,1.9222553538360387,0.0009713050829341729
30077,1.9874461824513925,0.0009711745582554816
30227,1.957012783281525,0.0009710437462104945
30377,2.0261085623351263,0.000970912646879078
30527,1.952074198114792,0.0009707812603412732
30677,1.975173471025914,0.0009706495866772973
30827,1.917080930971226,0.0009705176259675424
30977,1.9818036358591187,0.0009703853782925762
31127,1.911090777207106,0.0009702528437331412
31277,1.9479198894231602,0.0009701200223701553
31427,1.911974889301538,0.0009699869142847112
31577,2.0027659697241407,0.0009698535195580775
31727,1.9501603930537528,0.0009697198382716965
31877,1.9761299771884466,0.0009695858705071865
32027,1.974320630701821,0.0009694516163463404
32177,1.973644338971773,0.0009693170758711257
32327,2.1011292909064836,0.0009691822491636852
32477,2.054427884904825,0.000969047136306336
32627,2.0243940566809044,0.0009689117373815702
32777,2.0216978513277493,0.0009687760524720543
32927,1.9504020892267937,0.0009686400816606298
33077,1.9926095749547168,0.0009685038250303122
33227,2.000361103826845,0.0009683672826642921
33377,1.9682803443659131,0.000968230454645934
33527,1.8722989159007,0.0009680933410587773
33677,1.9834998495867033,0.0009679559419865354
33827,2.0277229199058477,0.000967818257513096
33977,2.040121769171004,0.0009676802877225214
34127,1.9781058130700604,0.0009675420326990478
34277,1.976432281286538,0.0009674034925270857
34427,2.0764196269965196,0.0009672646672912194
34577,1.883650877082984,0.0009671255570762075
34727,2.0496536070300686,0.0009669861619669826
34877,2.013291059697219,0.000966846482048651
35027,1.9671398524075734,0.0009667065174064936
35177,1.8698412725943645,0.000966566268125964
35327,1.9045599354993579,0.0009664257342926906
5,4.4102521834673585,0.0009662642387264383
155,2.5811708694675217,0.0009661230943432872
305,2.482912482025894,0.0009659816656779683
455,2.435819533234635,0.0009658399528168293
605,2.504460926772443,0.0009656979558463918
755,2.4918401658046228,0.000965555674853351
905,2.5715320479289736,0.0009654131099245752
1055,2.5854102812648136,0.0009652702611471064
1205,2.6298955501284507,0.0009651271286081593
1355,2.2925685377831155,0.0009649837123951226
1505,2.448899397877213,0.0009648400125955576
1655,2.446655989630663,0.0009646960292971992
1805,2.4108563860257464,0.000964551762587955
1955,2.4704839013288593,0.0009644072125559058
2105,2.591667369281839,0.0009642623792893055
2255,2.586382418212097,0.0009641172628765808
2405,2.407526225862542,0.0009639718634063309
2555,2.765697996815903,0.0009638261809673287
2705,2.426687241428788,0.000963680215648519
2855,2.431750351365479,0.0009635339675390199
3005,2.400196434230855,0.0009633874367281218
3155,2.458187425874479,0.0009632406233052879
3305,2.527879839090957,0.0009630935273601537
3455,2.3644421990625863,0.0009629461489825277
3605,2.4040700485987694,0.0009627984882623901
3755,2.400342159130865,0.0009626505452898942
3905,2.2718979795360092,0.000962502320155365
4055,2.296432142509238,0.0009623538129493004
4205,2.326138707615385,0.00096220502376237
4355,2.37607546495163,0.0009620559526854159
4505,2.3986779080236946,0.0009619065998094519
4655,2.3311838777826757,0.0009617569652256644
4805,2.257433881938298,0.0009616070490254113
4955,2.413803460002472,0.0009614568513002228
5105,2.4310969190746285,0.0009613063721418008
5255,2.4441895371033513,0.0009611556116420189
5405,2.402062360051407,0.0009610045698929227
5555,2.4482206807602047,0.0009608532469867296
5705,2.4656107256800732,0.0009607016430158282
5855,2.2455133680245924,0.0009605497580727793
6005,2.5370303084271386,0.0009603975922503147
6155,2.4065424601236978,0.0009602451456413382
6305,2.2855280257843353,0.0009600924183389245
6455,2.334077909725641,0.0009599394104363201
6605,2.4134358775599822,0.0009597861220269425
6755,2.3086675346947247,0.0009596325532043807
6905,2.342657849931842,0.000959478704062395
7055,2.3552333308599604,0.0009593245746949164
7205,2.2310679594884566,0.0009591701651960472
7355,2.3831893704609777,0.0009590154756600612
7505,2.229397718672573,0.0009588605061814024
7655,2.362674400475526,0.0009587052568546863
7805,2.251176022250077,0.0009585497277746987
7955,2.395238842982937,0.000958393919036397
8105,2.3936397104936384,0.0009582378307349086
8255,2.3753377842484142,0.0009580814629655319
8405,2.4707711857857464,0.0009579248158237359
8555,2.2931061765754204,0.0009577678894051602
8705,2.3264690697817136,0.0009576106838056148
8855,2.4290845014046933,0.0009574531991210803
9005,2.1354761588324527,0.0009572954354477077
9155,2.3424397588400314,0.0009571373928818181
9305,2.3107818287942443,0.0009569790715199029
9455,2.3303837303182076,0.0009568204714586241
9605,2.4388607810525333,0.0009566615927948136
9755,2.348286556527491,0.0009565024356254733
9905,2.1582992436282504,0.0009563430000477752
10055,2.2836120232291846,0.0009561832861590614
10205,2.2658802071762256,0.0009560232940568438
10355,2.422366131509131,0.0009558630238388041
10505,2.3131253339957447,0.0009557024756027942
10655,2.351347781918284,0.0009555416494468353
10805,2.2774453528009175,0.000955380545469118
10955,2.3224424779494006,0.0009552191637680037
11105,2.239446395652116,0.000955057504442022
11255,2.457526338861344,0.000954895567589873
11405,2.4469924982807814,0.0009547333533104257
11555,2.2762867508174707,0.0009545708617027184
11705,2.3670674680353523,0.0009544080928659592
11855,2.4101302877879154,0.0009542450468995254
12005,2.3464020929838485,0.0009540817239029629
12155,2.208942174911499,0.0009539181239759875
12305,2.383130974311467,0.0009537542472184833
12455,2.4706001865445333,0.0009535900937305043
12605,2.438987299303661,0.0009534256636122728
12755,2.267649364993044,0.00095326095696418
